Workbook

Sheet Calculator
B1: STRATA | O1: Parameters from other reports
B2: GIS ID (Ponto) | C2: Layer depth (i) | D2: l (m) | E2: U (m) | F2: SOC content (g.dm-3) | G2: U (g.dm-3) | H2: Bulk density - Ds - (Mg.m-3) | I2: U (Mg.m-3) | J2: Dry mass in each layer - Ms - (Mg.ha-1) | K2: U (Mg.ha-1) | L2: Carbon Stock on layer - Csi - (Mg.ha-1) | M2: U (Mg.ha-1) | O2: Layer depth | P2: U% SOC Content | Q2: U% Bulk Density
B3: 240 | C3: 00-10 | D3: 0.1 | E3: 0.01 | F3: ='Strata DATA'!E2 -> 22.68 | G3: =F3*$P3 -> 2.4948 | H3: ='Strata DATA'!F7 -> 1.02 | I3: =H3*Q3 -> 0.09588 | J3: =H3*D3*10000 -> 1020 | K3: =J3*((E3/D3)^2+(I3/H3)^2)^0.5 -> 139.98919 | L3: =10*F3*H3*D3 -> 23.1336 | M3: =L3*((G3/F3)^2+(I3/H3)^2+(E3/D3)^2)^0.5 -> 4.0688839 | O3: 00-10 | P3: 0.11 | Q3: 0.094
B4: 240 | C4: 10-20 | D4: 0.1 | E4: 0.01 | F4: ='Strata DATA'!E3 -> 21.03 | G4: =F4*$P4 -> 2.9442 | H4: ='Strata DATA'!F8 -> 1.12 | I4: =H4*Q4 -> 0.10528 | J4: =H4*D4*10000 -> 1120 | K4: =J4*((E4/D4)^2+(I4/H4)^2)^0.5 -> 153.71362 | L4: =10*F4*H4*D4 -> 23.5536 | M4: =L4*((G4/F4)^2+(I4/H4)^2+(E4/D4)^2)^0.5 -> 4.6177072 | O4: 10-20 | P4: 0.14 | Q4: 0.094
B5: 240 | C5: 20-30 | D5: 0.1 | E5: 0.01 | F5: ='Strata DATA'!E4 -> 17.48 | G5: =F5*$P5 -> 5.244 | H5: ='Strata DATA'!F9 -> 1.13 | I5: =H5*Q5 -> 0.10622 | J5: =H5*D5*10000 -> 1130 | K5: =J5*((E5/D5)^2+(I5/H5)^2)^0.5 -> 155.08607 | L5: =10*F5*H5*D5 -> 19.7524 | M5: =L5*((G5/F5)^2+(I5/H5)^2+(E5/D5)^2)^0.5 -> 6.5163763 | O5: 20-30 | P5: 0.3 | Q5: 0.094
B6: 240 | C6: 30-40 | D6: 0.1 | E6: 0.01 | F6: ='Strata DATA'!E5 -> 12.57 | G6: =F6*$P6 -> 1.5084 | H6: ='Strata DATA'!F10 -> 1.12 | I6: =H6*Q6 -> 0.10528 | J6: =H6*D6*10000 -> 1120 | K6: =J6*((E6/D6)^2+(I6/H6)^2)^0.5 -> 153.71362 | L6: =10*F6*H6*D6 -> 14.0784 | M6: =L6*((G6/F6)^2+(I6/H6)^2+(E6/D6)^2)^0.5 -> 2.566597 | O6: 30-40 | P6: 0.12 | Q6: 0.094
B7: 240 | C7: 40-60 | D7: 0.2 | E7: 0.01 | F7: ='Strata DATA'!E6 -> 11.58 | G7: =F7*$P7 -> 1.158 | H7: =H6 -> 1.12 | I7: =H7*Q7 -> 0.10528 | J7: =H7*D7*10000 -> 2240 | K7: =J7*((E7/D7)^2+(I7/H7)^2)^0.5 -> 238.49426 | L7: =10*F7*H7*D7 -> 25.9392 | M7: =L7*((G7/F7)^2+(I7/H7)^2+(E7/D7)^2)^0.5 -> 3.7888994 | O7: 40-60 | P7: 0.1 | Q7: 0.094
B9: Reference Area
B10: GIS ID (Ponto) | C10: Layer depth (i) | D10: l (m) | E10: U (m) | F10: SOC content (g.dm-3) | G10: U (g.dm-3) | H10: Bulk density - Ds - (Mg.m-3) | I10: U (Mg.m-3) | J10: Dry mass in each layer - Ms - (Mg.ha-1) | K10: U (Mg.ha-1) | L10: Carbon Stock on layer - Csi - (Mg.ha-1) | M10: U (Mg.ha-1)
B11: 1 | C11: 00-10 | D11: 0.1 | E11: 0.01 | F11: ='Reference Area DATA'!E2 -> 17.49 | G11: =F11*$P3 -> 1.9239 | H11: ='Reference Area DATA'!F7 -> 1.03 | I11: =H11*$Q3 -> 0.09682 | J11: =H11*D11*10000 -> 1030 | K11: =J11*((E11/D11)^2+(I11/H11)^2)^0.5 -> 141.36164 | L11: =10*F11*H11*D11 -> 18.0147 | M11: =L11*((G11/F11)^2+(I11/H11)^2+(E11/D11)^2)^0.5 -> 3.1685394
B12: 1 | C12: 10-20 | D12: 0.1 | E12: 0.01 | F12: ='Reference Area DATA'!E3 -> 17.14 | G12: =F12*$P4 -> 2.3996 | H12: ='Reference Area DATA'!F8 -> 1.03 | I12: =H12*$Q4 -> 0.09682 | J12: =H12*D12*10000 -> 1030 | K12: =J12*((E12/D12)^2+(I12/H12)^2)^0.5 -> 141.36164 | L12: =10*F12*H12*D12 -> 17.6542 | M12: =L12*((G12/F12)^2+(I12/H12)^2+(E12/D12)^2)^0.5 -> 3.4611238 | O12: which:
B13: 1 | C13: 20-30 | D13: 0.1 | E13: 0.01 | F13: ='Reference Area DATA'!E4 -> 15.08 | G13: =F13*$P5 -> 4.524 | H13: ='Reference Area DATA'!F9 -> 1.07 | I13: =H13*$Q5 -> 0.10058 | J13: =H13*D13*10000 -> 1070 | K13: =J13*((E13/D13)^2+(I13/H13)^2)^0.5 -> 146.85141 | L13: =10*F13*H13*D13 -> 16.1356 | M13: =L13*((G13/F13)^2+(I13/H13)^2+(E13/D13)^2)^0.5 -> 5.3231831 | O13: Ms: total dry soil mass in each layer, per unit of area (Mg.ha-1)
B14: 1 | C14: 30-40 | D14: 0.1 | E14: 0.01 | F14: ='Reference Area DATA'!E5 -> 13.59 | G14: =F14*$P6 -> 1.6308 | H14: ='Reference Area DATA'!F10 -> 0.93 | I14: =H14*$Q6 -> 0.08742 | J14: =H14*D14*10000 -> 930 | K14: =J14*((E14/D14)^2+(I14/H14)^2)^0.5 -> 127.63721 | L14: =10*F14*H14*D14 -> 12.6387 | M14: =L14*((G14/F14)^2+(I14/H14)^2+(E14/D14)^2)^0.5 -> 2.3041289 | O14: Ds: dry soil density (Mg.m-3)
B15: 1 | C15: 40-60 | D15: 0.2 | E15: 0.01 | F15: ='Reference Area DATA'!E6 -> 13.5 | G15: =F15*$P7 -> 1.35 | H15: =H14 -> 0.93 | I15: =H15*$Q7 -> 0.08742 | J15: =H15*D15*10000 -> 1860 | K15: =J15*((E15/D15)^2+(I15/H15)^2)^0.5 -> 198.03542 | L15: =10*F15*H15*D15 -> 25.11 | M15: =L15*((G15/F15)^2+(I15/H15)^2+(E15/D15)^2)^0.5 -> 3.6677795 | O15: l: height considered for the sampled soil layer (m)
B18: Cti Mg/ha | C18: U Cti | D18: Mtn | E18: U Mtn | F18: Mti | G18: U Mti | H18: Msi | I18: U Msi | J18: Ctn | K18: U Ctn | L18: Cs | M18: U Cs
B19: =SUM($L$3:$L$6) -> 80.518 | C19: =(($M$3^2)+($M$4^2)+($M$5^2)+($M$6^2))^0.5 -> 9.3236053 | D19: =$J$7 -> 2240 | E19: =$K$7 -> 238.49426 | F19: =SUM($J$3:$J$7) -> 6630 | G19: =(($K$3^2)+($K$4^2)+($K$5^2)+($K$6^2)+($K$7^2))^0.5 -> 384.42676 | H19: =SUM($J$11:$J$15) -> 5920 | I19: =(($K$11^2)+($K$12^2)+($K$13^2)+($K$14^2)+($K$15^2))^0.5 -> 342.11233 | J19: =$F$7/1000 -> 0.01158 | K19: =$G$7/1000 -> 0.001158 | L19: =$B$19+($D$19-($F$19-$H$19))*$J$19 -> 98.2354 | M19: =((C19^2)+(C24^2))^0.5 -> 11.54158
O20: which:
B21: A: Mtn, Mti, Msi | C21: U A | O21: CSi: soil carbon stock in specified depth - i (Mg.ha-1)
B22: =D19-F19+H19 -> 1530 | C22: =(($E$19^2)+($G$19^2)+($I$19^2))^0.5 -> 567.18982 | O22: Ci: soil carbon content in the sampled depth - i (g.kg-1)
B23: B: A, Ctn | C23: U B | O23: Dsi: soil apparent density in the sampled depth - i (Mg.m-3)
B24: =$B$22*$J$19 -> 17.7174 | C24: =B24*(($C$22/$B$22)^2+($K$19/$J$19)^2)^0.5 -> 6.8028266 | O24: li: height considered for the sampled soil layer - i (m)
E32: which:
E33: Cs : total carbon stock, corrected by the soil total mass in a reference area (Mg.ha-1)
E34: Cti: carbon stock of a sampled depth (Mg.ha-1)
E35: Mtn: total soil mass of the last sampled depth (Mg.ha-1)
E36: Mti: total soil mass (Mg.ha-1)
E37: Msi: total soil mass in the reference area (Mg.ha-1)
E38: Ctn: carbon content in the last sampled depth (Mg C. Mg-1 of soil)

Sheet Strata DATA
A1: QR CODE | B1: STRATA | C1: GIS ID | D1: Layer depth (i) | E1: SOC content (g.kg-1) | F1: Bulk density (Mg.m-3)
A2: ASP23002501060165A61S230024 | B2: 1 | C2: 240 | D2: 00-10 | E2: 22.68
A3: ASP23002501060165A61S230020 | B3: 1 | C3: 240 | D3: 10-20 | E3: 21.03
A4: ASP23002501060165A61S230022 | B4: 1 | C4: 240 | D4: 20-30 | E4: 17.48
A5: ASP23002501060165A61S230018 | B5: 1 | C5: 240 | D5: 30-40 | E5: 12.57
A6: ASP23002501060165A61S230019 | B6: 1 | C6: 240 | D6: 40-60 | E6: 11.58
A7: ASP23002501060165A61S230027 | B7: 1 | C7: 240 | D7: 00-10 | F7: 1.02
A8: ASP23002501060165A61S230025 | B8: 1 | C8: 240 | D8: 10-20 | F8: 1.12
A9: ASP23002501060165A61S230026 | B9: 1 | C9: 240 | D9: 20-30 | F9: 1.13
A10: ASP23002501060165A61S230023 | B10: 1 | C10: 240 | D10: 30-40 | F10: 1.12

Sheet Reference Area DATA
A1: QR CODE | B1: STRATA | C1: GIS ID | D1: Layer depth (i) | E1: SOC content (g.kg-1) | F1: Bulk density (Mg.m-3)
A2: ASP23002501060165A61S230037 | B2: MATA | C2: 1 | D2: 00-10 | E2: 17.49
A3: ASP23002501060165A61S230036 | B3: MATA | C3: 1 | D3: 10-20 | E3: 17.14
A4: ASP23002501060165A61S230035 | B4: MATA | C4: 1 | D4: 20-30 | E4: 15.08
A5: ASP23002501060165A61S230034 | B5: MATA | C5: 1 | D5: 30-40 | E5: 13.59
A6: ASP23002501060165A61S230032 | B6: MATA | C6: 1 | D6: 40-60 | E6: 13.5
A7: ASP23002501060165A61S230033 | B7: MATA | C7: 1 | D7: 00-10 | F7: 1.03
A8: ASP23002501060165A61S230040 | B8: MATA | C8: 1 | D8: 10-20 | F8: 1.03
A9: ASP23002501060165A61S230039 | B9: MATA | C9: 1 | D9: 20-30 | F9: 1.07
A10: ASP23002501060165A61S230038 | B10: MATA | C10: 1 | D10: 30-40 | F10: 0.93
